{
	"info": {
		"_postman_id": "205ac419-66c0-45fd-a707-360b40865b81",
		"name": "Admin",
		"schema": "https://schema.getpostman.com/json/collection/v2.1.0/collection.json",
		"_exporter_id": "24966113"
	},
	"item": [
		{
			"name": "Sign In",
			"request": {
				"method": "GET",
				"header": [],
				"url": {
					"raw": "http://localhost:8080/Admin/Username=admin/Password=123",
					"protocol": "http",
					"host": [
						"localhost"
					],
					"port": "8080",
					"path": [
						"Admin",
						"Username=admin",
						"Password=123"
					]
				}
			},
			"response": []
		},
		{
			"name": "Get List Add To Wallet Transaction",
			"request": {
				"method": "GET",
				"header": [],
				"url": {
					"raw": "http://localhost:8080/Add To Wallet Transaction",
					"protocol": "http",
					"host": [
						"localhost"
					],
					"port": "8080",
					"path": [
						"Add To Wallet Transaction"
					]
				}
			},
			"response": []
		},
		{
			"name": "Get List Payment Transaction",
			"request": {
				"method": "GET",
				"header": [],
				"url": {
					"raw": "http://localhost:8080/Payment Transaction",
					"protocol": "http",
					"host": [
						"localhost"
					],
					"port": "8080",
					"path": [
						"Payment Transaction"
					]
				}
			},
			"response": []
		},
		{
			"name": "Get List Refund Transaction",
			"request": {
				"method": "GET",
				"header": [],
				"url": {
					"raw": "http://localhost:8080/Refund Transaction",
					"protocol": "http",
					"host": [
						"localhost"
					],
					"port": "8080",
					"path": [
						"Refund Transaction"
					]
				}
			},
			"response": []
		},
		{
			"name": "Refuse Refund Treansaction",
			"request": {
				"method": "DELETE",
				"header": [],
				"url": {
					"raw": "http://localhost:8080/Refund Request/Refuse/1",
					"protocol": "http",
					"host": [
						"localhost"
					],
					"port": "8080",
					"path": [
						"Refund Request",
						"Refuse",
						"1"
					]
				}
			},
			"response": []
		},
		{
			"name": "Accept Refund Transaction",
			"request": {
				"method": "DELETE",
				"header": [],
				"url": {
					"raw": "http://localhost:8080/Refund Request/Accept/1",
					"protocol": "http",
					"host": [
						"localhost"
					],
					"port": "8080",
					"path": [
						"Refund Request",
						"Accept",
						"1"
					]
				}
			},
			"response": []
		},
		{
			"name": "Assign Overall for all Services",
			"request": {
				"method": "GET",
				"header": [],
				"url": {
					"raw": "http://localhost:8080/Overall/10",
					"protocol": "http",
					"host": [
						"localhost"
					],
					"port": "8080",
					"path": [
						"Overall",
						"10"
					]
				}
			},
			"response": []
		},
		{
			"name": "Assign discount for Specific Services",
			"request": {
				"method": "GET",
				"header": [],
				"url": {
					"raw": "http://localhost:8080/Specific/Internet Payment Services/20",
					"protocol": "http",
					"host": [
						"localhost"
					],
					"port": "8080",
					"path": [
						"Specific",
						"Internet Payment Services",
						"20"
					]
				}
			},
			"response": []
		}
	]
}