{
	"info": {
		"_postman_id": "6525a9ee-9cee-4b49-bc0f-f8eb01e5fbc2",
		"name": "PaymentSystem",
		"schema": "https://schema.getpostman.com/json/collection/v2.1.0/collection.json",
		"_exporter_id": "24966113"
	},
	"item": [
		{
			"name": "Add New Customer",
			"request": {
				"method": "POST",
				"header": [],
				"body": {
					"mode": "raw",
					"raw": "{\r\n    \"Username\":\"Hager\",\r\n    \"Password\":\"3\",\r\n    \"Email\":\"H.@com\"\r\n}",
					"options": {
						"raw": {
							"language": "json"
						}
					}
				},
				"url": {
					"raw": "http://localhost:8080/User",
					"protocol": "http",
					"host": [
						"localhost"
					],
					"port": "8080",
					"path": [
						"User"
					]
				}
			},
			"response": []
		},
		{
			"name": "Sign In Customer",
			"request": {
				"method": "GET",
				"header": [],
				"url": {
					"raw": "http://localhost:8080/User/Username=Hager/Password=3",
					"protocol": "http",
					"host": [
						"localhost"
					],
					"port": "8080",
					"path": [
						"User",
						"Username=Hager",
						"Password=3"
					]
				}
			},
			"response": []
		},
		{
			"name": "Sign In Admin",
			"request": {
				"method": "GET",
				"header": [],
				"url": {
					"raw": "http://localhost:8080/Admin/Username=admin/Password=12",
					"protocol": "http",
					"host": [
						"localhost"
					],
					"port": "8080",
					"path": [
						"Admin",
						"Username=admin",
						"Password=12"
					]
				}
			},
			"response": []
		},
		{
			"name": "Get List Add To Wallet Transaction",
			"protocolProfileBehavior": {
				"disableBodyPruning": true
			},
			"request": {
				"method": "GET",
				"header": [],
				"body": {
					"mode": "raw",
					"raw": "{\r\n    \"Username\":\"Hager\",\r\n    \"Amount\":10\r\n}",
					"options": {
						"raw": {
							"language": "json"
						}
					}
				},
				"url": {
					"raw": "http://localhost:8080/Add To Wallet Transaction",
					"protocol": "http",
					"host": [
						"localhost"
					],
					"port": "8080",
					"path": [
						"Add To Wallet Transaction"
					]
				}
			},
			"response": []
		},
		{
			"name": "Get List Payment Transaction",
			"protocolProfileBehavior": {
				"disableBodyPruning": true
			},
			"request": {
				"method": "GET",
				"header": [],
				"body": {
					"mode": "raw",
					"raw": "{\r\n    \"Username\":\"Hager\",\r\n    \"Amount\":10,\r\n    \"Name_Of_Payment\":\"Wallet Payment\"\r\n}",
					"options": {
						"raw": {
							"language": "json"
						}
					}
				},
				"url": {
					"raw": "http://localhost:8080/Add To Payment Transaction",
					"protocol": "http",
					"host": [
						"localhost"
					],
					"port": "8080",
					"path": [
						"Add To Payment Transaction"
					]
				}
			},
			"response": []
		},
		{
			"name": "Add New Refund Transaction",
			"request": {
				"method": "POST",
				"header": [],
				"body": {
					"mode": "raw",
					"raw": "{\r\n    \"Amount\":10000,\r\n    \"Name_of_Provider_Service\":\"We\"\r\n}",
					"options": {
						"raw": {
							"language": "json"
						}
					}
				},
				"url": {
					"raw": "http://localhost:8080/Refund Transaction",
					"protocol": "http",
					"host": [
						"localhost"
					],
					"port": "8080",
					"path": [
						"Refund Transaction"
					]
				}
			},
			"response": []
		},
		{
			"name": "Get List Refund Transaction",
			"request": {
				"method": "GET",
				"header": [],
				"url": {
					"raw": "http://localhost:8080/Refund Transaction",
					"protocol": "http",
					"host": [
						"localhost"
					],
					"port": "8080",
					"path": [
						"Refund Transaction"
					]
				}
			},
			"response": []
		},
		{
			"name": "Refuse Refund Treansaction",
			"request": {
				"method": "DELETE",
				"header": [],
				"url": {
					"raw": "http://localhost:8080/Refund Transaction/Refuse/1",
					"protocol": "http",
					"host": [
						"localhost"
					],
					"port": "8080",
					"path": [
						"Refund Transaction",
						"Refuse",
						"1"
					]
				}
			},
			"response": []
		},
		{
			"name": "Accept Refund Transaction",
			"request": {
				"method": "DELETE",
				"header": [],
				"url": {
					"raw": "http://localhost:8080/Refund Transaction/Accept/1",
					"protocol": "http",
					"host": [
						"localhost"
					],
					"port": "8080",
					"path": [
						"Refund Transaction",
						"Accept",
						"1"
					]
				}
			},
			"response": []
		},
		{
			"name": "Pay by Wallet Payment",
			"request": {
				"method": "GET",
				"header": [],
				"url": {
					"raw": "http://localhost:8080/Pay by Wallet Payment/Amount=5",
					"protocol": "http",
					"host": [
						"localhost"
					],
					"port": "8080",
					"path": [
						"Pay by Wallet Payment",
						"Amount=5"
					]
				}
			},
			"response": []
		},
		{
			"name": "Add Refunds To Wallet",
			"request": {
				"method": "GET",
				"header": [],
				"url": {
					"raw": "http://localhost:8080/Add To Wallet/Amount=20",
					"protocol": "http",
					"host": [
						"localhost"
					],
					"port": "8080",
					"path": [
						"Add To Wallet",
						"Amount=20"
					]
				}
			},
			"response": []
		},
		{
			"name": "Pay by CreditCard",
			"request": {
				"method": "GET",
				"header": [],
				"url": {
					"raw": "http://localhost:8080/Pay by CreditCard Payment/Amount=10",
					"protocol": "http",
					"host": [
						"localhost"
					],
					"port": "8080",
					"path": [
						"Pay by CreditCard Payment",
						"Amount=10"
					]
				}
			},
			"response": []
		}
	]
}